Fecha,Latitud,Longitud,Pm25,Vivienda.ID
2019-05-24 00:59:36,-38.74871685353589,-72.62070582069964,35.0,Las Encinas
2019-05-24 01:59:36,-38.74871685353589,-72.62070582069964,51.0,Las Encinas
2019-05-24 02:59:36,-38.74871685353589,-72.62070582069964,64.0,Las Encinas
2019-05-24 03:59:36,-38.74871685353589,-72.62070582069964,46.0,Las Encinas
2019-05-24 04:59:36,-38.74871685353589,-72.62070582069964,17.0,Las Encinas
2019-05-24 05:59:36,-38.74871685353589,-72.62070582069964,13.0,Las Encinas
2019-05-24 06:59:36,-38.74871685353589,-72.62070582069964,20.0,Las Encinas
2019-05-24 07:59:36,-38.74871685353589,-72.62070582069964,19.0,Las Encinas
2019-05-24 08:59:36,-38.74871685353589,-72.62070582069964,22.0,Las Encinas
2019-05-24 09:59:37,-38.74871685353589,-72.62070582069964,25.0,Las Encinas
2019-05-24 10:59:36,-38.74871685353589,-72.62070582069964,46.0,Las Encinas
2019-05-24 11:59:36,-38.74871685353589,-72.62070582069964,42.0,Las Encinas
2019-05-24 12:59:36,-38.74871685353589,-72.62070582069964,54.0,Las Encinas
2019-05-24 13:59:36,-38.74871685353589,-72.62070582069964,90.0,Las Encinas
2019-05-24 14:59:36,-38.74871685353589,-72.62070582069964,67.0,Las Encinas
2019-05-24 15:59:36,-38.74871685353589,-72.62070582069964,75.0,Las Encinas
2019-05-24 16:59:37,-38.74871685353589,-72.62070582069964,91.0,Las Encinas
2019-05-24 17:59:36,-38.74871685353589,-72.62070582069964,166.0,Las Encinas
2019-05-24 18:59:36,-38.74871685353589,-72.62070582069964,222.0,Las Encinas
2019-05-24 19:59:36,-38.74871685353589,-72.62070582069964,310.0,Las Encinas
2019-05-24 20:59:35,-38.74871685353589,-72.62070582069964,317.0,Las Encinas
2019-05-24 21:59:35,-38.74871685353589,-72.62070582069964,163.0,Las Encinas
2019-05-24 22:59:35,-38.74871685353589,-72.62070582069964,289.0,Las Encinas
2019-05-24 23:59:35,-38.74871685353589,-72.62070582069964,413.0,Las Encinas
2019-05-25 00:59:35,-38.74871685353589,-72.62070582069964,252.0,Las Encinas
2019-05-25 01:59:35,-38.74871685353589,-72.62070582069964,168.0,Las Encinas
2019-05-25 02:59:37,-38.74871685353589,-72.62070582069964,102.0,Las Encinas
2019-05-25 03:59:35,-38.74871685353589,-72.62070582069964,61.0,Las Encinas
2019-05-25 04:59:35,-38.74871685353589,-72.62070582069964,66.0,Las Encinas
2019-05-25 05:59:35,-38.74871685353589,-72.62070582069964,80.0,Las Encinas
2019-05-25 06:59:35,-38.74871685353589,-72.62070582069964,76.0,Las Encinas
2019-05-25 07:59:35,-38.74871685353589,-72.62070582069964,61.0,Las Encinas
2019-05-25 08:59:35,-38.74871685353589,-72.62070582069964,56.0,Las Encinas
2019-05-25 09:59:37,-38.74871685353589,-72.62070582069964,65.0,Las Encinas
2019-05-25 10:59:35,-38.74871685353589,-72.62070582069964,78.0,Las Encinas
2019-05-25 11:59:35,-38.74871685353589,-72.62070582069964,103.0,Las Encinas
2019-05-25 12:59:35,-38.74871685353589,-72.62070582069964,107.0,Las Encinas
2019-05-25 13:59:35,-38.74871685353589,-72.62070582069964,135.0,Las Encinas
2019-05-25 14:59:35,-38.74871685353589,-72.62070582069964,119.0,Las Encinas
2019-05-25 15:59:35,-38.74871685353589,-72.62070582069964,123.0,Las Encinas
2019-05-25 16:59:35,-38.74871685353589,-72.62070582069964,156.0,Las Encinas
2019-05-25 17:59:35,-38.74871685353589,-72.62070582069964,154.0,Las Encinas
2019-05-25 18:59:35,-38.74871685353589,-72.62070582069964,247.0,Las Encinas
2019-05-25 19:59:35,-38.74871685353589,-72.62070582069964,258.0,Las Encinas
2019-05-25 20:59:35,-38.74871685353589,-72.62070582069964,185.0,Las Encinas
2019-05-25 21:59:35,-38.74871685353589,-72.62070582069964,132.0,Las Encinas
2019-05-25 22:59:35,-38.74871685353589,-72.62070582069964,84.0,Las Encinas
2019-05-25 23:59:35,-38.74871685353589,-72.62070582069964,96.0,Las Encinas
2019-05-26 00:59:35,-38.74871685353589,-72.62070582069964,101.0,Las Encinas
2019-05-26 01:59:35,-38.74871685353589,-72.62070582069964,176.0,Las Encinas
2019-05-26 02:59:35,-38.74871685353589,-72.62070582069964,197.0,Las Encinas
2019-05-26 03:59:35,-38.74871685353589,-72.62070582069964,192.0,Las Encinas
2019-05-26 04:59:35,-38.74871685353589,-72.62070582069964,108.0,Las Encinas
2019-05-26 05:59:35,-38.74871685353589,-72.62070582069964,100.0,Las Encinas
2019-05-26 06:59:35,-38.74871685353589,-72.62070582069964,94.0,Las Encinas
2019-05-26 07:59:35,-38.74871685353589,-72.62070582069964,92.0,Las Encinas
2019-05-26 08:59:35,-38.74871685353589,-72.62070582069964,87.0,Las Encinas
2019-05-26 09:59:35,-38.74871685353589,-72.62070582069964,124.0,Las Encinas
2019-05-26 10:59:35,-38.74871685353589,-72.62070582069964,100.0,Las Encinas
2019-05-26 11:59:35,-38.74871685353589,-72.62070582069964,110.0,Las Encinas
2019-05-26 12:59:35,-38.74871685353589,-72.62070582069964,105.0,Las Encinas
2019-05-26 13:59:35,-38.74871685353589,-72.62070582069964,45.0,Las Encinas
2019-05-26 14:59:36,-38.74871685353589,-72.62070582069964,19.0,Las Encinas
2019-05-26 15:59:35,-38.74871685353589,-72.62070582069964,17.0,Las Encinas
2019-05-26 16:59:35,-38.74871685353589,-72.62070582069964,21.0,Las Encinas
2019-05-26 17:59:35,-38.74871685353589,-72.62070582069964,37.0,Las Encinas
2019-05-26 18:59:35,-38.74871685353589,-72.62070582069964,110.0,Las Encinas
2019-05-26 19:59:35,-38.74871685353589,-72.62070582069964,121.0,Las Encinas
2019-05-26 20:59:35,-38.74871685353589,-72.62070582069964,176.0,Las Encinas
2019-05-26 21:59:36,-38.74871685353589,-72.62070582069964,68.0,Las Encinas
2019-05-26 22:59:35,-38.74871685353589,-72.62070582069964,67.0,Las Encinas
2019-05-26 23:59:35,-38.74871685353589,-72.62070582069964,63.0,Las Encinas
2019-05-24 00:59:36,-38.72693031220911,-72.57989472632165,35.0,Ñielol
2019-05-24 01:59:36,-38.72693031220911,-72.57989472632165,31.0,Ñielol
2019-05-24 02:59:36,-38.72693031220911,-72.57989472632165,57.0,Ñielol
2019-05-24 03:59:36,-38.72693031220911,-72.57989472632165,36.0,Ñielol
2019-05-24 04:59:36,-38.72693031220911,-72.57989472632165,13.0,Ñielol
2019-05-24 05:59:36,-38.72693031220911,-72.57989472632165,22.0,Ñielol
2019-05-24 06:59:36,-38.72693031220911,-72.57989472632165,31.0,Ñielol
2019-05-24 07:59:36,-38.72693031220911,-72.57989472632165,21.0,Ñielol
2019-05-24 08:59:36,-38.72693031220911,-72.57989472632165,34.0,Ñielol
2019-05-24 09:59:37,-38.72693031220911,-72.57989472632165,34.0,Ñielol
2019-05-24 10:59:36,-38.72693031220911,-72.57989472632165,44.0,Ñielol
2019-05-24 11:59:36,-38.72693031220911,-72.57989472632165,39.0,Ñielol
2019-05-24 12:59:36,-38.72693031220911,-72.57989472632165,42.0,Ñielol
2019-05-24 13:59:36,-38.72693031220911,-72.57989472632165,78.0,Ñielol
2019-05-24 14:59:36,-38.72693031220911,-72.57989472632165,107.0,Ñielol
2019-05-24 15:59:36,-38.72693031220911,-72.57989472632165,83.0,Ñielol
2019-05-24 16:59:37,-38.72693031220911,-72.57989472632165,118.0,Ñielol
2019-05-24 17:59:36,-38.72693031220911,-72.57989472632165,133.0,Ñielol
2019-05-24 18:59:36,-38.72693031220911,-72.57989472632165,85.0,Ñielol
2019-05-24 19:59:36,-38.72693031220911,-72.57989472632165,129.0,Ñielol
2019-05-24 20:59:35,-38.72693031220911,-72.57989472632165,325.0,Ñielol
2019-05-24 21:59:35,-38.72693031220911,-72.57989472632165,343.0,Ñielol
2019-05-24 22:59:35,-38.72693031220911,-72.57989472632165,168.0,Ñielol
2019-05-24 23:59:35,-38.72693031220911,-72.57989472632165,271.0,Ñielol
2019-05-25 00:59:35,-38.72693031220911,-72.57989472632165,169.0,Ñielol
2019-05-25 01:59:35,-38.72693031220911,-72.57989472632165,153.0,Ñielol
2019-05-25 02:59:37,-38.72693031220911,-72.57989472632165,111.0,Ñielol
2019-05-25 03:59:35,-38.72693031220911,-72.57989472632165,82.0,Ñielol
2019-05-25 04:59:35,-38.72693031220911,-72.57989472632165,73.0,Ñielol
2019-05-25 05:59:35,-38.72693031220911,-72.57989472632165,71.0,Ñielol
2019-05-25 06:59:35,-38.72693031220911,-72.57989472632165,64.0,Ñielol
2019-05-25 07:59:35,-38.72693031220911,-72.57989472632165,67.0,Ñielol
2019-05-25 08:59:35,-38.72693031220911,-72.57989472632165,74.0,Ñielol
2019-05-25 09:59:37,-38.72693031220911,-72.57989472632165,70.0,Ñielol
2019-05-25 10:59:35,-38.72693031220911,-72.57989472632165,83.0,Ñielol
2019-05-25 11:59:35,-38.72693031220911,-72.57989472632165,124.0,Ñielol
2019-05-25 12:59:35,-38.72693031220911,-72.57989472632165,136.0,Ñielol
2019-05-25 13:59:35,-38.72693031220911,-72.57989472632165,90.0,Ñielol
2019-05-25 14:59:35,-38.72693031220911,-72.57989472632165,76.0,Ñielol
2019-05-25 15:59:35,-38.72693031220911,-72.57989472632165,66.0,Ñielol
2019-05-25 16:59:35,-38.72693031220911,-72.57989472632165,83.0,Ñielol
2019-05-25 17:59:35,-38.72693031220911,-72.57989472632165,107.0,Ñielol
2019-05-25 18:59:35,-38.72693031220911,-72.57989472632165,144.0,Ñielol
2019-05-25 19:59:35,-38.72693031220911,-72.57989472632165,159.0,Ñielol
2019-05-25 20:59:35,-38.72693031220911,-72.57989472632165,173.0,Ñielol
2019-05-25 21:59:35,-38.72693031220911,-72.57989472632165,79.0,Ñielol
2019-05-25 22:59:35,-38.72693031220911,-72.57989472632165,99.0,Ñielol
2019-05-25 23:59:35,-38.72693031220911,-72.57989472632165,175.0,Ñielol
2019-05-26 00:59:35,-38.72693031220911,-72.57989472632165,135.0,Ñielol
2019-05-26 01:59:35,-38.72693031220911,-72.57989472632165,79.0,Ñielol
2019-05-26 02:59:35,-38.72693031220911,-72.57989472632165,110.0,Ñielol
2019-05-26 03:59:35,-38.72693031220911,-72.57989472632165,92.0,Ñielol
2019-05-26 04:59:35,-38.72693031220911,-72.57989472632165,92.0,Ñielol
2019-05-26 05:59:35,-38.72693031220911,-72.57989472632165,87.0,Ñielol
2019-05-26 06:59:35,-38.72693031220911,-72.57989472632165,96.0,Ñielol
2019-05-26 07:59:35,-38.72693031220911,-72.57989472632165,100.0,Ñielol
2019-05-26 08:59:35,-38.72693031220911,-72.57989472632165,87.0,Ñielol
2019-05-26 09:59:35,-38.72693031220911,-72.57989472632165,87.0,Ñielol
2019-05-26 10:59:35,-38.72693031220911,-72.57989472632165,113.0,Ñielol
2019-05-26 11:59:35,-38.72693031220911,-72.57989472632165,108.0,Ñielol
2019-05-26 12:59:35,-38.72693031220911,-72.57989472632165,72.0,Ñielol
2019-05-26 13:59:35,-38.72693031220911,-72.57989472632165,38.0,Ñielol
2019-05-26 14:59:36,-38.72693031220911,-72.57989472632165,14.0,Ñielol
2019-05-26 15:59:35,-38.72693031220911,-72.57989472632165,21.0,Ñielol
2019-05-26 16:59:35,-38.72693031220911,-72.57989472632165,14.0,Ñielol
2019-05-26 17:59:35,-38.72693031220911,-72.57989472632165,14.0,Ñielol
2019-05-26 18:59:35,-38.72693031220911,-72.57989472632165,9.0,Ñielol
2019-05-26 19:59:35,-38.72693031220911,-72.57989472632165,9.0,Ñielol
2019-05-26 20:59:35,-38.72693031220911,-72.57989472632165,23.0,Ñielol
2019-05-26 21:59:36,-38.72693031220911,-72.57989472632165,27.0,Ñielol
2019-05-26 22:59:35,-38.72693031220911,-72.57989472632165,55.0,Ñielol
2019-05-26 23:59:35,-38.72693031220911,-72.57989472632165,55.0,Ñielol
2019-05-24 00:59:36,-38.76472977588324,-72.59879150997195,38.0,Padre Las Casas II
2019-05-24 01:59:36,-38.76472977588324,-72.59879150997195,45.0,Padre Las Casas II
2019-05-24 02:59:36,-38.76472977588324,-72.59879150997195,49.0,Padre Las Casas II
2019-05-24 03:59:36,-38.76472977588324,-72.59879150997195,36.0,Padre Las Casas II
2019-05-24 04:59:36,-38.76472977588324,-72.59879150997195,23.0,Padre Las Casas II
2019-05-24 05:59:36,-38.76472977588324,-72.59879150997195,18.0,Padre Las Casas II
2019-05-24 06:59:36,-38.76472977588324,-72.59879150997195,22.0,Padre Las Casas II
2019-05-24 07:59:36,-38.76472977588324,-72.59879150997195,29.0,Padre Las Casas II
2019-05-24 08:59:36,-38.76472977588324,-72.59879150997195,28.0,Padre Las Casas II
2019-05-24 09:59:37,-38.76472977588324,-72.59879150997195,33.0,Padre Las Casas II
2019-05-24 10:59:36,-38.76472977588324,-72.59879150997195,51.0,Padre Las Casas II
2019-05-24 11:59:36,-38.76472977588324,-72.59879150997195,82.0,Padre Las Casas II
2019-05-24 12:59:36,-38.76472977588324,-72.59879150997195,72.0,Padre Las Casas II
2019-05-24 13:59:36,-38.76472977588324,-72.59879150997195,65.0,Padre Las Casas II
2019-05-24 14:59:36,-38.76472977588324,-72.59879150997195,65.0,Padre Las Casas II
2019-05-24 15:59:36,-38.76472977588324,-72.59879150997195,81.0,Padre Las Casas II
2019-05-24 16:59:37,-38.76472977588324,-72.59879150997195,80.0,Padre Las Casas II
2019-05-24 17:59:36,-38.76472977588324,-72.59879150997195,168.0,Padre Las Casas II
2019-05-24 18:59:36,-38.76472977588324,-72.59879150997195,341.0,Padre Las Casas II
2019-05-24 19:59:36,-38.76472977588324,-72.59879150997195,330.0,Padre Las Casas II
2019-05-24 20:59:35,-38.76472977588324,-72.59879150997195,404.0,Padre Las Casas II
2019-05-24 21:59:35,-38.76472977588324,-72.59879150997195,429.0,Padre Las Casas II
2019-05-24 22:59:35,-38.76472977588324,-72.59879150997195,421.0,Padre Las Casas II
2019-05-24 23:59:35,-38.76472977588324,-72.59879150997195,321.0,Padre Las Casas II
2019-05-25 00:59:35,-38.76472977588324,-72.59879150997195,200.0,Padre Las Casas II
2019-05-25 01:59:35,-38.76472977588324,-72.59879150997195,147.0,Padre Las Casas II
2019-05-25 02:59:37,-38.76472977588324,-72.59879150997195,109.0,Padre Las Casas II
2019-05-25 03:59:35,-38.76472977588324,-72.59879150997195,89.0,Padre Las Casas II
2019-05-25 04:59:35,-38.76472977588324,-72.59879150997195,75.0,Padre Las Casas II
2019-05-25 05:59:35,-38.76472977588324,-72.59879150997195,71.0,Padre Las Casas II
2019-05-25 06:59:35,-38.76472977588324,-72.59879150997195,71.0,Padre Las Casas II
2019-05-25 07:59:35,-38.76472977588324,-72.59879150997195,61.0,Padre Las Casas II
2019-05-25 08:59:35,-38.76472977588324,-72.59879150997195,114.0,Padre Las Casas II
2019-05-25 09:59:37,-38.76472977588324,-72.59879150997195,137.0,Padre Las Casas II
2019-05-25 10:59:35,-38.76472977588324,-72.59879150997195,110.0,Padre Las Casas II
2019-05-25 11:59:35,-38.76472977588324,-72.59879150997195,128.0,Padre Las Casas II
2019-05-25 12:59:35,-38.76472977588324,-72.59879150997195,119.0,Padre Las Casas II
2019-05-25 13:59:35,-38.76472977588324,-72.59879150997195,138.0,Padre Las Casas II
2019-05-25 14:59:35,-38.76472977588324,-72.59879150997195,136.0,Padre Las Casas II
2019-05-25 15:59:35,-38.76472977588324,-72.59879150997195,125.0,Padre Las Casas II
2019-05-25 16:59:35,-38.76472977588324,-72.59879150997195,135.0,Padre Las Casas II
2019-05-25 17:59:35,-38.76472977588324,-72.59879150997195,224.0,Padre Las Casas II
2019-05-25 18:59:35,-38.76472977588324,-72.59879150997195,400.0,Padre Las Casas II
2019-05-25 19:59:35,-38.76472977588324,-72.59879150997195,351.0,Padre Las Casas II
2019-05-25 20:59:35,-38.76472977588324,-72.59879150997195,97.0,Padre Las Casas II
2019-05-25 21:59:35,-38.76472977588324,-72.59879150997195,98.0,Padre Las Casas II
2019-05-25 22:59:35,-38.76472977588324,-72.59879150997195,91.0,Padre Las Casas II
2019-05-25 23:59:35,-38.76472977588324,-72.59879150997195,99.0,Padre Las Casas II
2019-05-26 00:59:35,-38.76472977588324,-72.59879150997195,83.0,Padre Las Casas II
2019-05-26 01:59:35,-38.76472977588324,-72.59879150997195,166.0,Padre Las Casas II
2019-05-26 02:59:35,-38.76472977588324,-72.59879150997195,231.0,Padre Las Casas II
2019-05-26 03:59:35,-38.76472977588324,-72.59879150997195,180.0,Padre Las Casas II
2019-05-26 04:59:35,-38.76472977588324,-72.59879150997195,102.0,Padre Las Casas II
2019-05-26 05:59:35,-38.76472977588324,-72.59879150997195,129.0,Padre Las Casas II
2019-05-26 06:59:35,-38.76472977588324,-72.59879150997195,104.0,Padre Las Casas II
2019-05-26 07:59:35,-38.76472977588324,-72.59879150997195,105.0,Padre Las Casas II
2019-05-26 08:59:35,-38.76472977588324,-72.59879150997195,92.0,Padre Las Casas II
2019-05-26 09:59:35,-38.76472977588324,-72.59879150997195,105.0,Padre Las Casas II
2019-05-26 10:59:35,-38.76472977588324,-72.59879150997195,119.0,Padre Las Casas II
2019-05-26 11:59:35,-38.76472977588324,-72.59879150997195,69.0,Padre Las Casas II
2019-05-26 12:59:35,-38.76472977588324,-72.59879150997195,121.0,Padre Las Casas II
2019-05-26 13:59:35,-38.76472977588324,-72.59879150997195,48.0,Padre Las Casas II
2019-05-26 14:59:36,-38.76472977588324,-72.59879150997195,33.0,Padre Las Casas II
2019-05-26 15:59:35,-38.76472977588324,-72.59879150997195,60.0,Padre Las Casas II
2019-05-26 16:59:35,-38.76472977588324,-72.59879150997195,84.0,Padre Las Casas II
2019-05-26 17:59:35,-38.76472977588324,-72.59879150997195,84.0,Padre Las Casas II
2019-05-26 18:59:35,-38.76472977588324,-72.59879150997195,137.0,Padre Las Casas II
2019-05-26 19:59:35,-38.76472977588324,-72.59879150997195,188.0,Padre Las Casas II
2019-05-26 20:59:35,-38.76472977588324,-72.59879150997195,113.0,Padre Las Casas II
2019-05-26 21:59:36,-38.76472977588324,-72.59879150997195,37.0,Padre Las Casas II
2019-05-26 22:59:35,-38.76472977588324,-72.59879150997195,45.0,Padre Las Casas II
2019-05-26 23:59:35,-38.76472977588324,-72.59879150997195,37.0,Padre Las Casas II
2019-05-24 00:59:36,-38.756211,-72.62334200000001,47.1,amanecer-1
2019-05-24 01:59:36,-38.756211,-72.62334200000001,51.8,amanecer-1
2019-05-24 02:59:36,-38.756211,-72.62334200000001,57.5,amanecer-1
2019-05-24 03:59:36,-38.756211,-72.62334200000001,48.8,amanecer-1
2019-05-24 04:59:36,-38.756211,-72.62334200000001,28.7,amanecer-1
2019-05-24 05:59:36,-38.756211,-72.62334200000001,28.1,amanecer-1
2019-05-24 06:59:36,-38.756211,-72.62334200000001,28.3,amanecer-1
2019-05-24 07:59:36,-38.756211,-72.62334200000001,41.1,amanecer-1
2019-05-24 08:59:36,-38.756211,-72.62334200000001,42.0,amanecer-1
2019-05-24 09:59:37,-38.756211,-72.62334200000001,43.1,amanecer-1
2019-05-24 10:59:36,-38.756211,-72.62334200000001,55.3,amanecer-1
2019-05-24 11:59:36,-38.756211,-72.62334200000001,68.9,amanecer-1
2019-05-24 12:59:36,-38.756211,-72.62334200000001,66.8,amanecer-1
2019-05-24 13:59:36,-38.756211,-72.62334200000001,70.7,amanecer-1
2019-05-24 14:59:36,-38.756211,-72.62334200000001,68.9,amanecer-1
2019-05-24 15:59:36,-38.756211,-72.62334200000001,68.6,amanecer-1
2019-05-24 16:59:37,-38.756211,-72.62334200000001,74.2,amanecer-1
2019-05-24 17:59:36,-38.756211,-72.62334200000001,165.0,amanecer-1
2019-05-24 18:59:36,-38.756211,-72.62334200000001,276.8,amanecer-1
2019-05-24 19:59:36,-38.756211,-72.62334200000001,295.9,amanecer-1
2019-05-24 20:59:35,-38.756211,-72.62334200000001,321.4,amanecer-1
2019-05-24 21:59:35,-38.756211,-72.62334200000001,202.5,amanecer-1
2019-05-24 22:59:35,-38.756211,-72.62334200000001,278.4,amanecer-1
2019-05-24 23:59:35,-38.756211,-72.62334200000001,326.0,amanecer-1
2019-05-25 00:59:35,-38.756211,-72.62334200000001,270.8,amanecer-1
2019-05-25 01:59:35,-38.756211,-72.62334200000001,158.2,amanecer-1
2019-05-25 02:59:37,-38.756211,-72.62334200000001,118.7,amanecer-1
2019-05-25 03:59:35,-38.756211,-72.62334200000001,83.9,amanecer-1
2019-05-25 04:59:35,-38.756211,-72.62334200000001,80.5,amanecer-1
2019-05-25 05:59:35,-38.756211,-72.62334200000001,89.9,amanecer-1
2019-05-25 06:59:35,-38.756211,-72.62334200000001,94.5,amanecer-1
2019-05-25 07:59:35,-38.756211,-72.62334200000001,84.1,amanecer-1
2019-05-25 08:59:35,-38.756211,-72.62334200000001,105.2,amanecer-1
2019-05-25 09:59:37,-38.756211,-72.62334200000001,99.1,amanecer-1
2019-05-25 10:59:35,-38.756211,-72.62334200000001,96.1,amanecer-1
2019-05-25 11:59:35,-38.756211,-72.62334200000001,124.3,amanecer-1
2019-05-25 12:59:35,-38.756211,-72.62334200000001,111.2,amanecer-1
2019-05-25 13:59:35,-38.756211,-72.62334200000001,124.6,amanecer-1
2019-05-25 14:59:35,-38.756211,-72.62334200000001,116.7,amanecer-1
2019-05-25 15:59:35,-38.756211,-72.62334200000001,124.4,amanecer-1
2019-05-25 16:59:35,-38.756211,-72.62334200000001,139.1,amanecer-1
2019-05-25 17:59:35,-38.756211,-72.62334200000001,199.5,amanecer-1
2019-05-25 18:59:35,-38.756211,-72.62334200000001,326.2,amanecer-1
2019-05-25 19:59:35,-38.756211,-72.62334200000001,345.0,amanecer-1
2019-05-25 20:59:35,-38.756211,-72.62334200000001,217.5,amanecer-1
2019-05-25 21:59:35,-38.756211,-72.62334200000001,139.9,amanecer-1
2019-05-25 22:59:35,-38.756211,-72.62334200000001,113.3,amanecer-1
2019-05-25 23:59:35,-38.756211,-72.62334200000001,126.5,amanecer-1
2019-05-26 00:59:35,-38.756211,-72.62334200000001,136.8,amanecer-1
2019-05-26 01:59:35,-38.756211,-72.62334200000001,199.5,amanecer-1
2019-05-26 02:59:35,-38.756211,-72.62334200000001,205.8,amanecer-1
2019-05-26 03:59:35,-38.756211,-72.62334200000001,206.4,amanecer-1
2019-05-26 04:59:35,-38.756211,-72.62334200000001,136.8,amanecer-1
2019-05-26 05:59:35,-38.756211,-72.62334200000001,106.5,amanecer-1
2019-05-26 06:59:35,-38.756211,-72.62334200000001,104.3,amanecer-1
2019-05-26 07:59:35,-38.756211,-72.62334200000001,101.8,amanecer-1
2019-05-26 08:59:35,-38.756211,-72.62334200000001,104.1,amanecer-1
2019-05-26 09:59:35,-38.756211,-72.62334200000001,158.3,amanecer-1
2019-05-26 10:59:35,-38.756211,-72.62334200000001,119.1,amanecer-1
2019-05-26 11:59:35,-38.756211,-72.62334200000001,115.2,amanecer-1
2019-05-26 12:59:35,-38.756211,-72.62334200000001,117.5,amanecer-1
2019-05-26 13:59:35,-38.756211,-72.62334200000001,70.7,amanecer-1
2019-05-26 14:59:36,-38.756211,-72.62334200000001,57.0,amanecer-1
2019-05-26 15:59:35,-38.756211,-72.62334200000001,56.0,amanecer-1
2019-05-26 16:59:35,-38.756211,-72.62334200000001,77.8,amanecer-1
2019-05-26 17:59:35,-38.756211,-72.62334200000001,84.9,amanecer-1
2019-05-26 18:59:35,-38.756211,-72.62334200000001,102.9,amanecer-1
2019-05-26 19:59:35,-38.756211,-72.62334200000001,115.9,amanecer-1
2019-05-26 20:59:35,-38.756211,-72.62334200000001,170.1,amanecer-1
2019-05-26 21:59:36,-38.756211,-72.62334200000001,111.0,amanecer-1
2019-05-26 22:59:35,-38.756211,-72.62334200000001,192.2,amanecer-1
2019-05-26 23:59:35,-38.756211,-72.62334200000001,82.7,amanecer-1
2019-05-24 00:59:36,-38.7373136,-72.5893911,38.0,centro-1
2019-05-24 01:59:36,-38.7373136,-72.5893911,43.4,centro-1
2019-05-24 02:59:36,-38.7373136,-72.5893911,56.0,centro-1
2019-05-24 03:59:36,-38.7373136,-72.5893911,43.0,centro-1
2019-05-24 04:59:36,-38.7373136,-72.5893911,25.6,centro-1
2019-05-24 05:59:36,-38.7373136,-72.5893911,29.7,centro-1
2019-05-24 06:59:36,-38.7373136,-72.5893911,29.8,centro-1
2019-05-24 07:59:36,-38.7373136,-72.5893911,31.3,centro-1
2019-05-24 08:59:36,-38.7373136,-72.5893911,33.1,centro-1
2019-05-24 09:59:37,-38.7373136,-72.5893911,35.7,centro-1
2019-05-24 10:59:36,-38.7373136,-72.5893911,43.6,centro-1
2019-05-24 11:59:36,-38.7373136,-72.5893911,53.8,centro-1
2019-05-24 12:59:36,-38.7373136,-72.5893911,69.3,centro-1
2019-05-24 13:59:36,-38.7373136,-72.5893911,95.1,centro-1
2019-05-24 14:59:36,-38.7373136,-72.5893911,80.2,centro-1
2019-05-24 15:59:36,-38.7373136,-72.5893911,83.1,centro-1
2019-05-24 16:59:37,-38.7373136,-72.5893911,106.5,centro-1
2019-05-24 17:59:36,-38.7373136,-72.5893911,81.4,centro-1
2019-05-24 18:59:36,-38.7373136,-72.5893911,131.1,centro-1
2019-05-24 19:59:36,-38.7373136,-72.5893911,182.7,centro-1
2019-05-24 20:59:35,-38.7373136,-72.5893911,272.0,centro-1
2019-05-24 21:59:35,-38.7373136,-72.5893911,181.3,centro-1
2019-05-24 22:59:35,-38.7373136,-72.5893911,191.0,centro-1
2019-05-24 23:59:35,-38.7373136,-72.5893911,182.5,centro-1
2019-05-25 00:59:35,-38.7373136,-72.5893911,187.7,centro-1
2019-05-25 01:59:35,-38.7373136,-72.5893911,138.9,centro-1
2019-05-25 02:59:37,-38.7373136,-72.5893911,99.3,centro-1
2019-05-25 03:59:35,-38.7373136,-72.5893911,82.2,centro-1
2019-05-25 04:59:35,-38.7373136,-72.5893911,76.4,centro-1
2019-05-25 05:59:35,-38.7373136,-72.5893911,80.5,centro-1
2019-05-25 06:59:35,-38.7373136,-72.5893911,74.4,centro-1
2019-05-25 07:59:35,-38.7373136,-72.5893911,77.4,centro-1
2019-05-25 08:59:35,-38.7373136,-72.5893911,78.8,centro-1
2019-05-25 09:59:37,-38.7373136,-72.5893911,83.7,centro-1
2019-05-25 10:59:35,-38.7373136,-72.5893911,91.4,centro-1
2019-05-25 11:59:35,-38.7373136,-72.5893911,100.5,centro-1
2019-05-25 12:59:35,-38.7373136,-72.5893911,125.9,centro-1
2019-05-25 13:59:35,-38.7373136,-72.5893911,109.7,centro-1
2019-05-25 14:59:35,-38.7373136,-72.5893911,100.0,centro-1
2019-05-25 15:59:35,-38.7373136,-72.5893911,105.8,centro-1
2019-05-25 16:59:35,-38.7373136,-72.5893911,117.6,centro-1
2019-05-25 17:59:35,-38.7373136,-72.5893911,141.9,centro-1
2019-05-25 18:59:35,-38.7373136,-72.5893911,201.8,centro-1
2019-05-25 19:59:35,-38.7373136,-72.5893911,223.1,centro-1
2019-05-25 20:59:35,-38.7373136,-72.5893911,199.5,centro-1
2019-05-25 21:59:35,-38.7373136,-72.5893911,152.0,centro-1
2019-05-25 22:59:35,-38.7373136,-72.5893911,108.0,centro-1
2019-05-25 23:59:35,-38.7373136,-72.5893911,115.6,centro-1
2019-05-26 00:59:35,-38.7373136,-72.5893911,125.5,centro-1
2019-05-26 01:59:35,-38.7373136,-72.5893911,137.5,centro-1
2019-05-26 02:59:35,-38.7373136,-72.5893911,146.0,centro-1
2019-05-26 03:59:35,-38.7373136,-72.5893911,128.9,centro-1
2019-05-26 04:59:35,-38.7373136,-72.5893911,117.1,centro-1
2019-05-26 05:59:35,-38.7373136,-72.5893911,122.8,centro-1
2019-05-26 06:59:35,-38.7373136,-72.5893911,112.9,centro-1
2019-05-26 07:59:35,-38.7373136,-72.5893911,112.2,centro-1
2019-05-26 08:59:35,-38.7373136,-72.5893911,104.4,centro-1
2019-05-26 09:59:35,-38.7373136,-72.5893911,97.0,centro-1
2019-05-26 10:59:35,-38.7373136,-72.5893911,107.7,centro-1
2019-05-26 11:59:35,-38.7373136,-72.5893911,92.6,centro-1
2019-05-26 12:59:35,-38.7373136,-72.5893911,107.2,centro-1
2019-05-26 13:59:35,-38.7373136,-72.5893911,47.0,centro-1
2019-05-26 14:59:36,-38.7373136,-72.5893911,22.0,centro-1
2019-05-26 15:59:35,-38.7373136,-72.5893911,28.8,centro-1
2019-05-26 16:59:35,-38.7373136,-72.5893911,31.4,centro-1
2019-05-26 17:59:35,-38.7373136,-72.5893911,37.6,centro-1
2019-05-26 18:59:35,-38.7373136,-72.5893911,105.0,centro-1
2019-05-26 19:59:35,-38.7373136,-72.5893911,88.2,centro-1
2019-05-26 20:59:35,-38.7373136,-72.5893911,82.3,centro-1
2019-05-26 21:59:36,-38.7373136,-72.5893911,91.3,centro-1
2019-05-26 22:59:35,-38.7373136,-72.5893911,68.4,centro-1
2019-05-26 23:59:35,-38.7373136,-72.5893911,70.4,centro-1
2019-05-24 00:59:36,-38.726413,-72.612798,47.9,pedro-valdivia-1
2019-05-24 01:59:36,-38.726413,-72.612798,51.5,pedro-valdivia-1
2019-05-24 02:59:36,-38.726413,-72.612798,62.3,pedro-valdivia-1
2019-05-24 03:59:36,-38.726413,-72.612798,46.2,pedro-valdivia-1
2019-05-24 04:59:36,-38.726413,-72.612798,29.6,pedro-valdivia-1
2019-05-24 05:59:36,-38.726413,-72.612798,31.3,pedro-valdivia-1
2019-05-24 06:59:36,-38.726413,-72.612798,36.7,pedro-valdivia-1
2019-05-24 07:59:36,-38.726413,-72.612798,40.9,pedro-valdivia-1
2019-05-24 08:59:36,-38.726413,-72.612798,44.2,pedro-valdivia-1
2019-05-24 09:59:37,-38.726413,-72.612798,45.9,pedro-valdivia-1
2019-05-24 10:59:36,-38.726413,-72.612798,48.8,pedro-valdivia-1
2019-05-24 11:59:36,-38.726413,-72.612798,50.1,pedro-valdivia-1
2019-05-24 12:59:36,-38.726413,-72.612798,56.9,pedro-valdivia-1
2019-05-24 13:59:36,-38.726413,-72.612798,74.8,pedro-valdivia-1
2019-05-24 14:59:36,-38.726413,-72.612798,80.9,pedro-valdivia-1
2019-05-24 15:59:36,-38.726413,-72.612798,87.6,pedro-valdivia-1
2019-05-24 16:59:37,-38.726413,-72.612798,128.3,pedro-valdivia-1
2019-05-24 17:59:36,-38.726413,-72.612798,147.8,pedro-valdivia-1
2019-05-24 18:59:36,-38.726413,-72.612798,205.2,pedro-valdivia-1
2019-05-24 19:59:36,-38.726413,-72.612798,231.1,pedro-valdivia-1
2019-05-24 20:59:35,-38.726413,-72.612798,238.3,pedro-valdivia-1
2019-05-24 21:59:35,-38.726413,-72.612798,246.8,pedro-valdivia-1
2019-05-24 22:59:35,-38.726413,-72.612798,238.3,pedro-valdivia-1
2019-05-24 23:59:35,-38.726413,-72.612798,202.1,pedro-valdivia-1
2019-05-25 00:59:35,-38.726413,-72.612798,144.1,pedro-valdivia-1
2019-05-25 01:59:35,-38.726413,-72.612798,145.1,pedro-valdivia-1
2019-05-25 02:59:37,-38.726413,-72.612798,116.8,pedro-valdivia-1
2019-05-25 03:59:35,-38.726413,-72.612798,100.0,pedro-valdivia-1
2019-05-25 04:59:35,-38.726413,-72.612798,94.4,pedro-valdivia-1
2019-05-25 05:59:35,-38.726413,-72.612798,96.4,pedro-valdivia-1
2019-05-25 06:59:35,-38.726413,-72.612798,84.8,pedro-valdivia-1
2019-05-25 07:59:35,-38.726413,-72.612798,79.6,pedro-valdivia-1
2019-05-25 08:59:35,-38.726413,-72.612798,94.9,pedro-valdivia-1
2019-05-25 09:59:37,-38.726413,-72.612798,96.1,pedro-valdivia-1
2019-05-25 10:59:35,-38.726413,-72.612798,108.4,pedro-valdivia-1
2019-05-25 11:59:35,-38.726413,-72.612798,109.7,pedro-valdivia-1
2019-05-25 12:59:35,-38.726413,-72.612798,125.6,pedro-valdivia-1
2019-05-25 13:59:35,-38.726413,-72.612798,132.6,pedro-valdivia-1
2019-05-25 14:59:35,-38.726413,-72.612798,128.4,pedro-valdivia-1
2019-05-25 15:59:35,-38.726413,-72.612798,108.4,pedro-valdivia-1
2019-05-25 16:59:35,-38.726413,-72.612798,110.0,pedro-valdivia-1
2019-05-25 17:59:35,-38.726413,-72.612798,187.4,pedro-valdivia-1
2019-05-25 18:59:35,-38.726413,-72.612798,198.2,pedro-valdivia-1
2019-05-25 19:59:35,-38.726413,-72.612798,221.7,pedro-valdivia-1
2019-05-25 20:59:35,-38.726413,-72.612798,241.2,pedro-valdivia-1
2019-05-25 21:59:35,-38.726413,-72.612798,263.6,pedro-valdivia-1
2019-05-25 22:59:35,-38.726413,-72.612798,94.3,pedro-valdivia-1
2019-05-25 23:59:35,-38.726413,-72.612798,78.8,pedro-valdivia-1
2019-05-26 00:59:35,-38.726413,-72.612798,103.2,pedro-valdivia-1
2019-05-26 01:59:35,-38.726413,-72.612798,152.3,pedro-valdivia-1
2019-05-26 02:59:35,-38.726413,-72.612798,167.5,pedro-valdivia-1
2019-05-26 03:59:35,-38.726413,-72.612798,166.6,pedro-valdivia-1
2019-05-26 04:59:35,-38.726413,-72.612798,118.4,pedro-valdivia-1
2019-05-26 05:59:35,-38.726413,-72.612798,125.9,pedro-valdivia-1
2019-05-26 06:59:35,-38.726413,-72.612798,115.3,pedro-valdivia-1
2019-05-26 07:59:35,-38.726413,-72.612798,105.6,pedro-valdivia-1
2019-05-26 08:59:35,-38.726413,-72.612798,110.9,pedro-valdivia-1
2019-05-26 09:59:35,-38.726413,-72.612798,132.7,pedro-valdivia-1
2019-05-26 10:59:35,-38.726413,-72.612798,108.9,pedro-valdivia-1
2019-05-26 11:59:35,-38.726413,-72.612798,139.7,pedro-valdivia-1
2019-05-26 12:59:35,-38.726413,-72.612798,121.4,pedro-valdivia-1
2019-05-26 13:59:35,-38.726413,-72.612798,61.6,pedro-valdivia-1
2019-05-26 14:59:36,-38.726413,-72.612798,31.7,pedro-valdivia-1
2019-05-26 15:59:35,-38.726413,-72.612798,33.1,pedro-valdivia-1
2019-05-26 16:59:35,-38.726413,-72.612798,61.1,pedro-valdivia-1
2019-05-26 17:59:35,-38.726413,-72.612798,90.1,pedro-valdivia-1
2019-05-26 18:59:35,-38.726413,-72.612798,115.1,pedro-valdivia-1
2019-05-26 19:59:35,-38.726413,-72.612798,162.6,pedro-valdivia-1
2019-05-26 20:59:35,-38.726413,-72.612798,165.1,pedro-valdivia-1
2019-05-26 21:59:36,-38.726413,-72.612798,120.7,pedro-valdivia-1
2019-05-26 22:59:35,-38.726413,-72.612798,132.8,pedro-valdivia-1
2019-05-26 23:59:35,-38.726413,-72.612798,118.8,pedro-valdivia-1
2019-05-24 00:59:36,-38.71805,-72.564334,42.3,pueblo-nuevo-1
2019-05-24 01:59:36,-38.71805,-72.564334,34.0,pueblo-nuevo-1
2019-05-24 02:59:36,-38.71805,-72.564334,39.8,pueblo-nuevo-1
2019-05-24 03:59:36,-38.71805,-72.564334,39.4,pueblo-nuevo-1
2019-05-24 04:59:36,-38.71805,-72.564334,25.2,pueblo-nuevo-1
2019-05-24 05:59:36,-38.71805,-72.564334,27.5,pueblo-nuevo-1
2019-05-24 06:59:36,-38.71805,-72.564334,32.1,pueblo-nuevo-1
2019-05-24 07:59:36,-38.71805,-72.564334,31.6,pueblo-nuevo-1
2019-05-24 08:59:36,-38.71805,-72.564334,37.0,pueblo-nuevo-1
2019-05-24 09:59:37,-38.71805,-72.564334,36.0,pueblo-nuevo-1
2019-05-24 10:59:36,-38.71805,-72.564334,43.1,pueblo-nuevo-1
2019-05-24 11:59:36,-38.71805,-72.564334,54.4,pueblo-nuevo-1
2019-05-24 12:59:36,-38.71805,-72.564334,56.9,pueblo-nuevo-1
2019-05-24 13:59:36,-38.71805,-72.564334,78.2,pueblo-nuevo-1
2019-05-24 14:59:36,-38.71805,-72.564334,111.4,pueblo-nuevo-1
2019-05-24 15:59:36,-38.71805,-72.564334,114.9,pueblo-nuevo-1
2019-05-24 16:59:37,-38.71805,-72.564334,122.1,pueblo-nuevo-1
2019-05-24 17:59:36,-38.71805,-72.564334,130.8,pueblo-nuevo-1
2019-05-24 18:59:36,-38.71805,-72.564334,152.8,pueblo-nuevo-1
2019-05-24 19:59:36,-38.71805,-72.564334,127.0,pueblo-nuevo-1
2019-05-24 20:59:35,-38.71805,-72.564334,244.1,pueblo-nuevo-1
2019-05-24 21:59:35,-38.71805,-72.564334,227.7,pueblo-nuevo-1
2019-05-24 22:59:35,-38.71805,-72.564334,208.1,pueblo-nuevo-1
2019-05-24 23:59:35,-38.71805,-72.564334,267.9,pueblo-nuevo-1
2019-05-25 00:59:35,-38.71805,-72.564334,177.4,pueblo-nuevo-1
2019-05-25 01:59:35,-38.71805,-72.564334,124.5,pueblo-nuevo-1
2019-05-25 02:59:37,-38.71805,-72.564334,92.2,pueblo-nuevo-1
2019-05-25 03:59:35,-38.71805,-72.564334,76.4,pueblo-nuevo-1
2019-05-25 04:59:35,-38.71805,-72.564334,81.8,pueblo-nuevo-1
2019-05-25 05:59:35,-38.71805,-72.564334,72.3,pueblo-nuevo-1
2019-05-25 06:59:35,-38.71805,-72.564334,72.3,pueblo-nuevo-1
2019-05-25 07:59:35,-38.71805,-72.564334,73.3,pueblo-nuevo-1
2019-05-25 08:59:35,-38.71805,-72.564334,75.9,pueblo-nuevo-1
2019-05-25 09:59:37,-38.71805,-72.564334,81.6,pueblo-nuevo-1
2019-05-25 10:59:35,-38.71805,-72.564334,90.6,pueblo-nuevo-1
2019-05-25 11:59:35,-38.71805,-72.564334,123.9,pueblo-nuevo-1
2019-05-25 12:59:35,-38.71805,-72.564334,109.7,pueblo-nuevo-1
2019-05-25 13:59:35,-38.71805,-72.564334,91.3,pueblo-nuevo-1
2019-05-25 14:59:35,-38.71805,-72.564334,87.4,pueblo-nuevo-1
2019-05-25 15:59:35,-38.71805,-72.564334,106.3,pueblo-nuevo-1
2019-05-25 16:59:35,-38.71805,-72.564334,122.2,pueblo-nuevo-1
2019-05-25 17:59:35,-38.71805,-72.564334,115.1,pueblo-nuevo-1
2019-05-25 18:59:35,-38.71805,-72.564334,141.5,pueblo-nuevo-1
2019-05-25 19:59:35,-38.71805,-72.564334,186.8,pueblo-nuevo-1
2019-05-25 20:59:35,-38.71805,-72.564334,164.5,pueblo-nuevo-1
2019-05-25 21:59:35,-38.71805,-72.564334,135.7,pueblo-nuevo-1
2019-05-25 22:59:35,-38.71805,-72.564334,120.4,pueblo-nuevo-1
2019-05-25 23:59:35,-38.71805,-72.564334,145.6,pueblo-nuevo-1
2019-05-26 00:59:35,-38.71805,-72.564334,166.6,pueblo-nuevo-1
2019-05-26 01:59:35,-38.71805,-72.564334,142.5,pueblo-nuevo-1
2019-05-26 02:59:35,-38.71805,-72.564334,144.7,pueblo-nuevo-1
2019-05-26 03:59:35,-38.71805,-72.564334,117.8,pueblo-nuevo-1
2019-05-26 04:59:35,-38.71805,-72.564334,119.9,pueblo-nuevo-1
2019-05-26 05:59:35,-38.71805,-72.564334,108.0,pueblo-nuevo-1
2019-05-26 06:59:35,-38.71805,-72.564334,120.7,pueblo-nuevo-1
2019-05-26 07:59:35,-38.71805,-72.564334,110.9,pueblo-nuevo-1
2019-05-26 08:59:35,-38.71805,-72.564334,107.2,pueblo-nuevo-1
2019-05-26 09:59:35,-38.71805,-72.564334,118.9,pueblo-nuevo-1
2019-05-26 10:59:35,-38.71805,-72.564334,107.5,pueblo-nuevo-1
2019-05-26 11:59:35,-38.71805,-72.564334,96.0,pueblo-nuevo-1
2019-05-26 12:59:35,-38.71805,-72.564334,57.7,pueblo-nuevo-1
2019-05-26 13:59:35,-38.71805,-72.564334,27.8,pueblo-nuevo-1
2019-05-26 14:59:36,-38.71805,-72.564334,25.0,pueblo-nuevo-1
2019-05-26 15:59:35,-38.71805,-72.564334,32.1,pueblo-nuevo-1
2019-05-26 16:59:35,-38.71805,-72.564334,45.2,pueblo-nuevo-1
2019-05-26 17:59:35,-38.71805,-72.564334,62.1,pueblo-nuevo-1
2019-05-26 18:59:35,-38.71805,-72.564334,45.5,pueblo-nuevo-1
2019-05-26 19:59:35,-38.71805,-72.564334,44.6,pueblo-nuevo-1
2019-05-26 20:59:35,-38.71805,-72.564334,94.0,pueblo-nuevo-1
2019-05-26 21:59:36,-38.71805,-72.564334,147.6,pueblo-nuevo-1
2019-05-26 22:59:35,-38.71805,-72.564334,92.1,pueblo-nuevo-1
2019-05-26 23:59:35,-38.71805,-72.564334,87.9,pueblo-nuevo-1
2019-05-24 00:59:36,-38.7342333,-72.5743602,48.1,santa-rosa-1
2019-05-24 01:59:36,-38.7342333,-72.5743602,43.7,santa-rosa-1
2019-05-24 02:59:36,-38.7342333,-72.5743602,52.1,santa-rosa-1
2019-05-24 03:59:36,-38.7342333,-72.5743602,40.9,santa-rosa-1
2019-05-24 04:59:36,-38.7342333,-72.5743602,25.1,santa-rosa-1
2019-05-24 05:59:36,-38.7342333,-72.5743602,23.5,santa-rosa-1
2019-05-24 06:59:36,-38.7342333,-72.5743602,35.8,santa-rosa-1
2019-05-24 07:59:36,-38.7342333,-72.5743602,36.3,santa-rosa-1
2019-05-24 08:59:36,-38.7342333,-72.5743602,39.5,santa-rosa-1
2019-05-24 09:59:37,-38.7342333,-72.5743602,39.0,santa-rosa-1
2019-05-24 10:59:36,-38.7342333,-72.5743602,44.3,santa-rosa-1
2019-05-24 11:59:36,-38.7342333,-72.5743602,62.9,santa-rosa-1
2019-05-24 12:59:36,-38.7342333,-72.5743602,69.0,santa-rosa-1
2019-05-24 13:59:36,-38.7342333,-72.5743602,91.8,santa-rosa-1
2019-05-24 14:59:36,-38.7342333,-72.5743602,76.4,santa-rosa-1
2019-05-24 15:59:36,-38.7342333,-72.5743602,96.9,santa-rosa-1
2019-05-24 16:59:37,-38.7342333,-72.5743602,125.3,santa-rosa-1
2019-05-24 17:59:36,-38.7342333,-72.5743602,255.0,santa-rosa-1
2019-05-24 18:59:36,-38.7342333,-72.5743602,258.1,santa-rosa-1
2019-05-24 19:59:36,-38.7342333,-72.5743602,299.4,santa-rosa-1
2019-05-24 20:59:35,-38.7342333,-72.5743602,276.2,santa-rosa-1
2019-05-24 21:59:35,-38.7342333,-72.5743602,247.5,santa-rosa-1
2019-05-24 22:59:35,-38.7342333,-72.5743602,302.2,santa-rosa-1
2019-05-24 23:59:35,-38.7342333,-72.5743602,290.4,santa-rosa-1
2019-05-25 00:59:35,-38.7342333,-72.5743602,164.2,santa-rosa-1
2019-05-25 01:59:35,-38.7342333,-72.5743602,119.2,santa-rosa-1
2019-05-25 02:59:37,-38.7342333,-72.5743602,95.1,santa-rosa-1
2019-05-25 03:59:35,-38.7342333,-72.5743602,83.7,santa-rosa-1
2019-05-25 04:59:35,-38.7342333,-72.5743602,87.1,santa-rosa-1
2019-05-25 05:59:35,-38.7342333,-72.5743602,90.3,santa-rosa-1
2019-05-25 06:59:35,-38.7342333,-72.5743602,81.6,santa-rosa-1
2019-05-25 07:59:35,-38.7342333,-72.5743602,85.1,santa-rosa-1
2019-05-25 08:59:35,-38.7342333,-72.5743602,100.9,santa-rosa-1
2019-05-25 09:59:37,-38.7342333,-72.5743602,105.6,santa-rosa-1
2019-05-25 10:59:35,-38.7342333,-72.5743602,116.5,santa-rosa-1
2019-05-25 11:59:35,-38.7342333,-72.5743602,113.0,santa-rosa-1
2019-05-25 12:59:35,-38.7342333,-72.5743602,126.3,santa-rosa-1
2019-05-25 13:59:35,-38.7342333,-72.5743602,106.3,santa-rosa-1
2019-05-25 14:59:35,-38.7342333,-72.5743602,101.4,santa-rosa-1
2019-05-25 15:59:35,-38.7342333,-72.5743602,105.2,santa-rosa-1
2019-05-25 16:59:35,-38.7342333,-72.5743602,114.0,santa-rosa-1
2019-05-25 17:59:35,-38.7342333,-72.5743602,213.9,santa-rosa-1
2019-05-25 18:59:35,-38.7342333,-72.5743602,308.3,santa-rosa-1
2019-05-25 19:59:35,-38.7342333,-72.5743602,345.2,santa-rosa-1
2019-05-25 20:59:35,-38.7342333,-72.5743602,290.9,santa-rosa-1
2019-05-25 21:59:35,-38.7342333,-72.5743602,157.7,santa-rosa-1
2019-05-25 22:59:35,-38.7342333,-72.5743602,127.0,santa-rosa-1
2019-05-25 23:59:35,-38.7342333,-72.5743602,155.9,santa-rosa-1
2019-05-26 00:59:35,-38.7342333,-72.5743602,156.4,santa-rosa-1
2019-05-26 01:59:35,-38.7342333,-72.5743602,175.7,santa-rosa-1
2019-05-26 02:59:35,-38.7342333,-72.5743602,205.0,santa-rosa-1
2019-05-26 03:59:35,-38.7342333,-72.5743602,210.9,santa-rosa-1
2019-05-26 04:59:35,-38.7342333,-72.5743602,164.4,santa-rosa-1
2019-05-26 05:59:35,-38.7342333,-72.5743602,135.1,santa-rosa-1
2019-05-26 06:59:35,-38.7342333,-72.5743602,122.4,santa-rosa-1
2019-05-26 07:59:35,-38.7342333,-72.5743602,117.3,santa-rosa-1
2019-05-26 08:59:35,-38.7342333,-72.5743602,111.7,santa-rosa-1
2019-05-26 09:59:35,-38.7342333,-72.5743602,138.0,santa-rosa-1
2019-05-26 10:59:35,-38.7342333,-72.5743602,127.6,santa-rosa-1
2019-05-26 11:59:35,-38.7342333,-72.5743602,93.1,santa-rosa-1
2019-05-26 12:59:35,-38.7342333,-72.5743602,110.0,santa-rosa-1
2019-05-26 13:59:35,-38.7342333,-72.5743602,69.7,santa-rosa-1
2019-05-26 14:59:36,-38.7342333,-72.5743602,42.8,santa-rosa-1
2019-05-26 15:59:35,-38.7342333,-72.5743602,52.5,santa-rosa-1
2019-05-26 16:59:35,-38.7342333,-72.5743602,71.6,santa-rosa-1
2019-05-26 17:59:35,-38.7342333,-72.5743602,107.7,santa-rosa-1
2019-05-26 18:59:35,-38.7342333,-72.5743602,158.4,santa-rosa-1
2019-05-26 19:59:35,-38.7342333,-72.5743602,210.0,santa-rosa-1
2019-05-26 20:59:35,-38.7342333,-72.5743602,173.8,santa-rosa-1
2019-05-26 21:59:36,-38.7342333,-72.5743602,120.3,santa-rosa-1
2019-05-26 22:59:35,-38.7342333,-72.5743602,112.3,santa-rosa-1
2019-05-26 23:59:35,-38.7342333,-72.5743602,120.5,santa-rosa-1
